{"song_name":{"1":"audio3.wav","2":"audio1.wav","3":"audio2.wav"},"tempo":{"1":112.3471467391,"2":123.046875,"3":123.046875},"total_beats":{"1":3042,"2":47536,"3":155989},"average_beats":{"1":190.125,"2":731.3230769231,"3":1289.1652892562},"chroma_stft_mean":{"1":0.4064128697,"2":0.4538908899,"3":0.2419136018},"chroma_stft_std":{"1":0.3021238148,"2":0.288554579,"3":0.298171401},"chroma_stft_var":{"1":0.0912788063,"2":0.0832637474,"3":0.0889061913},"chroma_cq_mean":{"1":0.4894205332,"2":0.5539535284,"3":0.3495794237},"chroma_cq_std":{"1":0.2686109543,"2":0.2308600992,"3":0.2802260816},"chroma_cq_var":{"1":0.0721518397,"2":0.0532963872,"3":0.0785266608},"chroma_cens_mean":{"1":0.2684387267,"2":0.2656018138,"3":0.2299590856},"chroma_cens_std":{"1":0.1061789989,"2":0.1130885407,"3":0.1745054424},"chroma_cens_var":{"1":0.0112739792,"2":0.0127890175,"3":0.0304521509},"melspectrogram_mean":{"1":0.2849422991,"2":4.6727228165,"3":0.7367094159},"melspectrogram_std":{"1":2.7275173664,"2":45.2904281616,"3":5.6288566589},"melspectrogram_var":{"1":7.4393510818,"2":2051.2229003906,"3":31.6840267181},"mfcc_mean":{"1":-14.385679245,"2":1.2277537584,"3":-9.9045352936},"mfcc_std":{"1":85.5261535645,"2":74.4480514526,"3":73.8178863525},"mfcc_var":{"1":7314.7231445312,"2":5542.5122070312,"3":5449.080078125},"mfcc_delta_mean":{"1":-0.003645458,"2":0.011571967,"3":0.0090302844},"mfcc_delta_std":{"1":4.1694903374,"2":2.676330328,"3":3.475549221},"mfcc_delta_var":{"1":17.3846511841,"2":7.1627445221,"3":12.0794420242},"rmse_mean":{"1":0.026127141,"2":0.1231470257,"3":0.0517682284},"rmse_std":{"1":0.0232618172,"2":0.0682541877,"3":0.0333326273},"rmse_var":{"1":0.0005411122,"2":0.0046586343,"3":0.001111064},"cent_mean":{"1":1753.4075147295,"2":628.8442267256,"3":1852.9065145537},"cent_std":{"1":1027.9249652962,"2":279.1674700536,"3":973.1149320327},"cent_var":{"1":1056629.7342791928,"2":77934.4763361052,"3":946952.6709450155},"spec_bw_mean":{"1":1843.2326365046,"2":838.5437762384,"3":1879.1067377928},"spec_bw_std":{"1":593.3445775007,"2":157.3107019832,"3":539.197560246},"spec_bw_var":{"1":352057.7876494387,"2":24746.6569584364,"3":290734.0089752499},"contrast_mean":{"1":17.4717197678,"2":23.9885734895,"3":19.6380300605},"contrast_std":{"1":4.8876624647,"2":18.1086501819,"3":5.3142512564},"contrast_var":{"1":23.8892443687,"2":327.9232114119,"3":28.2412664164},"rolloff_mean":{"1":3305.0219330046,"2":1355.6231752811,"3":3188.6640519181},"rolloff_std":{"1":1919.7945478728,"2":689.1925475588,"3":1839.0760799526},"rolloff_var":{"1":3685611.1060422268,"2":474986.3676105519,"3":3382200.8278538478},"poly_mean":{"1":0.2801636625,"2":1.1083858721,"3":0.5300818653},"poly_std":{"1":0.4501315584,"2":1.4021689539,"3":0.7433092169},"poly_var":{"1":0.2026184199,"2":1.9660777753,"3":0.5525085919},"tonnetz_mean":{"1":0.0030976064,"2":-0.0065722618,"3":-0.0004693137},"tonnetz_std":{"1":0.0865604927,"2":0.0548428326,"3":0.1691395037},"tonnetz_var":{"1":0.0074927189,"2":0.0030077363,"3":0.0286081717},"zcr_mean":{"1":0.095925174,"2":0.0316429904,"3":0.1049436209},"zcr_std":{"1":0.0745205948,"2":0.0277383909,"3":0.0632979824},"zcr_var":{"1":0.005553319,"2":0.0007694183,"3":0.0040066346},"harm_mean":{"1":-0.00000052,"2":-0.0000342751,"3":-0.0014248014},"harm_std":{"1":0.0145765394,"2":0.0976696014,"3":0.0536892675},"harm_var":{"1":0.0002124755,"2":0.0095393509,"3":0.0028825374},"perc_mean":{"1":-0.0000194391,"2":0.0000263413,"3":-0.0004804076},"perc_std":{"1":0.0272810385,"2":0.0615663044,"3":0.0168166906},"perc_var":{"1":0.000744255,"2":0.0037904098,"3":0.0002828011},"frame_mean":{"1":1.7287256236,"2":3.1753287982,"3":3.5224671202},"frame_std":{"1":1.081872359,"2":1.6077680875,"3":1.4106213226},"frame_var":{"1":1.1704478012,"2":2.5849182232,"3":1.9898525159}}